{"format": "layers-model", "generatedBy": "keras v3.7.0", "convertedBy": "TensorFlow.js Converter v4.22.0", "modelTopology": {"keras_version": "3.7.0", "backend": "tensorflow", "model_config": {"class_name": "Sequential", "config": {"name": "sequential", "trainable": true, "dtype": {"module": "keras", "class_name": "DTypePolicy", "config": {"name": "float32"}, "registered_name": null}, "layers": [{"class_name": "InputLayer", "config": {"batch_shape": [null, 182], "dtype": "float32", "sparse": false, "name": "input_layer"}}, {"class_name": "Embedding", "config": {"name": "embedding", "trainable": true, "dtype": {"module": "keras", "class_name": "DTypePolicy", "config": {"name": "float32"}, "registered_name": null}, "input_dim": 2244, "output_dim": 128, "embeddings_initializer": {"module": "keras.initializers", "class_name": "RandomUniform", "config": {"seed": null, "minval": -0.05, "maxval": 0.05}, "registered_name": null}, "embeddings_regularizer": null, "activity_regularizer": null, "embeddings_constraint": null, "mask_zero": false}}, {"class_name": "LSTM", "config": {"name": "lstm", "trainable": true, "dtype": {"module": "keras", "class_name": "DTypePolicy", "config": {"name": "float32"}, "registered_name": null}, "return_sequences": true, "return_state": false, "go_backwards": false, "stateful": false, "unroll": false, "zero_output_for_mask": false, "units": 256, "activation": "tanh", "recurrent_activation": "sigmoid", "use_bias": true, "kernel_initializer": {"module": "keras.initializers", "class_name": "GlorotUniform", "config": {"seed": null}, "registered_name": null}, "recurrent_initializer": {"module": "keras.initializers", "class_name": "Orthogonal", "config": {"seed": null, "gain": 1.0}, "registered_name": null}, "bias_initializer": {"module": "keras.initializers", "class_name": "Zeros", "config": {}, "registered_name": null}, "unit_forget_bias": true, "kernel_regularizer": null, "recurrent_regularizer": null, "bias_regularizer": null, "activity_regularizer": null, "kernel_constraint": null, "recurrent_constraint": null, "bias_constraint": null, "dropout": 0.4, "recurrent_dropout": 0.2, "seed": null}}, {"class_name": "Bidirectional", "config": {"name": "bidirectional", "trainable": true, "dtype": {"module": "keras", "class_name": "DTypePolicy", "config": {"name": "float32"}, "registered_name": null}, "merge_mode": "concat", "layer": {"module": "keras.layers", "class_name": "LSTM", "config": {"name": "forward_lstm_1", "trainable": true, "dtype": {"module": "keras", "class_name": "DTypePolicy", "config": {"name": "float32"}, "registered_name": null}, "return_sequences": false, "return_state": false, "go_backwards": false, "stateful": false, "unroll": false, "zero_output_for_mask": false, "units": 128, "activation": "tanh", "recurrent_activation": "sigmoid", "use_bias": true, "kernel_initializer": {"module": "keras.initializers", "class_name": "GlorotUniform", "config": {"seed": null}, "registered_name": null}, "recurrent_initializer": {"module": "keras.initializers", "class_name": "Orthogonal", "config": {"seed": null, "gain": 1.0}, "registered_name": null}, "bias_initializer": {"module": "keras.initializers", "class_name": "Zeros", "config": {}, "registered_name": null}, "unit_forget_bias": true, "kernel_regularizer": null, "recurrent_regularizer": null, "bias_regularizer": null, "activity_regularizer": null, "kernel_constraint": null, "recurrent_constraint": null, "bias_constraint": null, "dropout": 0.4, "recurrent_dropout": 0.2, "seed": null}, "registered_name": null, "build_config": {"input_shape": [null, 182, 256]}}, "backward_layer": {"module": "keras.layers", "class_name": "LSTM", "config": {"name": "backward_lstm_1", "trainable": true, "dtype": {"module": "keras", "class_name": "DTypePolicy", "config": {"name": "float32"}, "registered_name": null}, "return_sequences": false, "return_state": false, "go_backwards": true, "stateful": false, "unroll": false, "zero_output_for_mask": false, "units": 128, "activation": "tanh", "recurrent_activation": "sigmoid", "use_bias": true, "kernel_initializer": {"module": "keras.initializers", "class_name": "GlorotUniform", "config": {"seed": null}, "registered_name": null}, "recurrent_initializer": {"module": "keras.initializers", "class_name": "Orthogonal", "config": {"seed": null, "gain": 1.0}, "registered_name": null}, "bias_initializer": {"module": "keras.initializers", "class_name": "Zeros", "config": {}, "registered_name": null}, "unit_forget_bias": true, "kernel_regularizer": null, "recurrent_regularizer": null, "bias_regularizer": null, "activity_regularizer": null, "kernel_constraint": null, "recurrent_constraint": null, "bias_constraint": null, "dropout": 0.4, "recurrent_dropout": 0.2, "seed": null}, "registered_name": null, "build_config": {"input_shape": [null, 182, 256]}}}}, {"class_name": "Dense", "config": {"name": "dense", "trainable": true, "dtype": {"module": "keras", "class_name": "DTypePolicy", "config": {"name": "float32"}, "registered_name": null}, "units": 64, "activation": "relu", "use_bias": true, "kernel_initializer": {"module": "keras.initializers", "class_name": "GlorotUniform", "config": {"seed": null}, "registered_name": null}, "bias_initializer": {"module": "keras.initializers", "class_name": "Zeros", "config": {}, "registered_name": null}, "kernel_regularizer": null, "bias_regularizer": null, "kernel_constraint": null, "bias_constraint": null}}, {"class_name": "Dense", "config": {"name": "dense_1", "trainable": true, "dtype": {"module": "keras", "class_name": "DTypePolicy", "config": {"name": "float32"}, "registered_name": null}, "units": 22, "activation": "softmax", "use_bias": true, "kernel_initializer": {"module": "keras.initializers", "class_name": "GlorotUniform", "config": {"seed": null}, "registered_name": null}, "bias_initializer": {"module": "keras.initializers", "class_name": "Zeros", "config": {}, "registered_name": null}, "kernel_regularizer": null, "bias_regularizer": null, "kernel_constraint": null, "bias_constraint": null}}], "build_input_shape": [null, 182]}}, "training_config": {"loss": "sparse_categorical_crossentropy", "loss_weights": null, "metrics": ["accuracy"], "weighted_metrics": null, "run_eagerly": false, "steps_per_execution": 1, "jit_compile": false, "optimizer_config": {"class_name": "Adam", "config": {"name": "adam", "learning_rate": 0.009999999776482582, "weight_decay": null, "clipnorm": null, "global_clipnorm": null, "clipvalue": null, "use_ema": false, "ema_momentum": 0.99, "ema_overwrite_frequency": null, "loss_scale_factor": null, "gradient_accumulation_steps": null, "beta_1": 0.9, "beta_2": 0.999, "epsilon": 1e-07, "amsgrad": false}}}}, "weightsManifest": [{"paths": ["group1-shard1of2.bin", "group1-shard2of2.bin"], "weights": [{"name": "sequential/bidirectional/forward_lstm_1/lstm_cell/kernel", "shape": [256, 512], "dtype": "float32"}, {"name": "sequential/bidirectional/forward_lstm_1/lstm_cell/recurrent_kernel", "shape": [128, 512], "dtype": "float32"}, {"name": "sequential/bidirectional/forward_lstm_1/lstm_cell/bias", "shape": [512], "dtype": "float32"}, {"name": "sequential/bidirectional/backward_lstm_1/lstm_cell/kernel", "shape": [256, 512], "dtype": "float32"}, {"name": "sequential/bidirectional/backward_lstm_1/lstm_cell/recurrent_kernel", "shape": [128, 512], "dtype": "float32"}, {"name": "sequential/bidirectional/backward_lstm_1/lstm_cell/bias", "shape": [512], "dtype": "float32"}, {"name": "sequential/dense/kernel", "shape": [256, 64], "dtype": "float32"}, {"name": "sequential/dense/bias", "shape": [64], "dtype": "float32"}, {"name": "sequential/dense_1/kernel", "shape": [64, 22], "dtype": "float32"}, {"name": "sequential/dense_1/bias", "shape": [22], "dtype": "float32"}, {"name": "sequential/embedding/embeddings", "shape": [2244, 128], "dtype": "float32"}, {"name": "sequential/lstm/lstm_cell/kernel", "shape": [128, 1024], "dtype": "float32"}, {"name": "sequential/lstm/lstm_cell/recurrent_kernel", "shape": [256, 1024], "dtype": "float32"}, {"name": "sequential/lstm/lstm_cell/bias", "shape": [1024], "dtype": "float32"}]}]}